year,annual_c02_tonnes,region
0,1900,24790624.0,americas
1,1901,31561696.0,americas
2,1902,34452592.0,americas
3,1903,37196928.0,americas
4,1904,43484352.0,americas
5,1905,46305632.0,americas
6,1906,51636752.0,americas
7,1907,61936256.0,americas
8,1908,66065584.0,americas
9,1909,62511504.0,americas
10,1910,73085808.0,americas
11,1911,87957984.0,americas
12,1912,96092064.0,americas
13,1913,112371216.0,americas
14,1914,96011456.0,americas
15,1915,90848880.0,americas
16,1916,107673968.0,americas
17,1917,122765984.0,americas
18,1918,131922320.0,americas
19,1919,130727856.0,americas
20,1920,176330000.0,americas
21,1921,186204480.0,americas
22,1922,172900496.0,americas
23,1923,185991968.0,americas
24,1924,171237040.0,americas
25,1925,160655408.0,americas
26,1926,169972960.0,americas
27,1927,167001456.0,americas
28,1928,181415632.0,americas
29,1929,195459744.0,americas
30,1930,190681888.0,americas
31,1931,158757456.0,americas
32,1932,155298640.0,americas
33,1933,162315200.0,americas
34,1934,184434768.0,americas
35,1935,196727488.0,americas
36,1936,207221184.0,americas
37,1937,240779760.0,americas
38,1938,234092960.0,americas
39,1939,239757504.0,americas
40,1940,247580144.0,americas
41,1941,270531440.0,americas
42,1942,248082112.0,americas
43,1943,279200464.0,americas
44,1944,304423440.0,americas
45,1945,310252864.0,americas
46,1946,394891264.0,americas
47,1947,358342864.0,americas
48,1948,384617408.0,americas
49,1949,258857936.0,americas
50,1950,316393728.0,americas
51,1951,353971712.0,americas
52,1952,359068336.0,americas
53,1953,360009984.0,americas
54,1954,380385488.0,americas
55,1955,408418752.0,americas
56,1956,448905952.0,americas
57,1957,461125392.0,americas
58,1958,455164064.0,americas
59,1959,480131814.7,americas
60,1960,491067101.5,americas
61,1961,499337985.7,americas
62,1962,531233509.9,americas
63,1963,535195164.6,americas
64,1964,587467518.2,americas
65,1965,612410345.3,americas
66,1966,637055062.6,americas
67,1967,688973699.6,americas
68,1968,736350850.2,americas
69,1969,777751653.6,americas
70,1970,860650880.4,americas
71,1971,897045881.8,americas
72,1972,951501259.6,americas
73,1973,1004426215.0,americas
74,1974,1046488129.0,americas
75,1975,1061805869.0,americas
76,1976,1106039317.0,americas
77,1977,1136175350.0,americas
78,1978,1196893132.0,americas
79,1979,1277810108.0,americas
80,1980,1319822694.0,americas
81,1981,1297219740.0,americas
82,1982,1305738555.0,americas
83,1983,1258508351.0,americas
84,1984,1289784767.0,americas
85,1985,1313088437.0,americas
86,1986,1315172226.0,americas
87,1987,1386390338.0,americas
88,1988,1434020538.0,americas
89,1989,1501045944.0,americas
90,1990,1463145039.0,americas
91,1991,1470984012.0,americas
92,1992,1503912671.0,americas
93,1993,1542659203.0,americas
94,1994,1596755862.0,americas
95,1995,1619585528.0,americas
96,1996,1688215148.0,americas
97,1997,1766940091.0,americas
98,1998,1848852641.0,americas
99,1999,1890344212.0,americas
100,2000,1907022738.0,americas
101,2001,1930495800.0,americas
102,2002,1952855792.0,americas
103,2003,2003975573.0,americas
104,2004,2011917498.0,americas
105,2005,2076950414.0,americas
106,2006,2114866379.0,americas
107,2007,2168015893.0,americas
108,2008,2226580254.0,americas
109,2009,2157619435.0,americas
110,2010,2253918886.0,americas
111,2011,2294779338.0,americas
112,2012,2375405727.0,americas
113,2013,2406775095.0,americas
114,2014,2443171356.0,americas
115,2015,2435553763.0,americas
116,2016,2415058074.0,americas
117,2017,2398632318.0,americas
118,1900,662736992.0,us
119,1901,721525872.0,us
120,1902,764493600.0,us
121,1903,894404384.0,us
122,1904,880221040.0,us
123,1905,984498480.0,us
124,1906,1033339600.0,us
125,1907,1201802992.0,us
126,1908,1050974432.0,us
127,1909,1163352976.0,us
128,1910,1269227920.0,us
129,1911,1256385600.0,us
130,1912,1341210864.0,us
131,1913,1440113216.0,us
132,1914,1315698432.0,us
133,1915,1365268688.0,us
134,1916,1516258464.0,us
135,1917,1668468352.0,us
136,1918,1745584560.0,us
137,1919,1476951072.0,us
138,1920,1735889616.0,us
139,1921,1421972752.0,us
140,1922,1433327488.0,us
141,1923,1894009536.0,us
142,1924,1695592944.0,us
143,1925,1740898304.0,us
144,1926,1888535520.0,us
145,1927,1844838656.0,us
146,1928,1827786400.0,us
147,1929,1960338928.0,us
148,1930,1742210016.0,us
149,1931,1483080944.0,us
150,1932,1256400256.0,us
151,1933,1347183184.0,us
152,1934,1434390048.0,us
153,1935,1490262384.0,us
154,1936,1710695952.0,us
155,1937,1789563552.0,us
156,1938,1513418864.0,us
157,1939,1667863792.0,us
158,1940,1871490592.0,us
159,1941,2039213856.0,us
160,1942,2193896944.0,us
161,1943,2267184272.0,us
162,1944,2440377888.0,us
163,1945,2355340112.0,us
164,1946,2253033904.0,us
165,1947,2480762496.0,us
166,1948,2577052416.0,us
167,1949,2159990288.0,us
168,1950,2535942336.0,us
169,1951,2612369712.0,us
170,1952,2545080352.0,us
171,1953,2605745200.0,us
172,1954,2483052496.0,us
173,1955,2721721792.0,us
174,1956,2852903984.0,us
175,1957,2828611664.0,us
176,1958,2740924816.0,us
177,1959,2823004702.0,us
178,1960,2887820432.0,us
179,1961,2877369848.0,us
180,1962,2984001744.0,us
181,1963,3116022372.0,us
182,1964,3252755199.0,us
183,1965,3388192678.0,us
184,1966,3559179160.0,us
185,1967,3693298171.0,us
186,1968,3828306054.0,us
187,1969,4021502617.0,us
188,1970,4325500825.0,us
189,1971,4351308657.0,us
190,1972,4558452642.0,us
191,1973,4762452212.0,us
192,1974,4592958261.0,us
193,1975,4400795008.0,us
194,1976,4607168187.0,us
195,1977,4735366318.0,us
196,1978,4882964043.0,us
197,1979,4894042875.0,us
198,1980,4716716355.0,us
199,1981,4530369843.0,us
200,1982,4301970691.0,us
201,1983,4335916563.0,us
202,1984,4468262025.0,us
203,1985,4484338153.0,us
204,1986,4487855840.0,us
205,1987,4680834052.0,us
206,1988,4885590503.0,us
207,1989,4948021163.0,us
208,1990,5121264461.0,us
209,1991,5070839400.0,us
210,1992,5174059076.0,us
211,1993,5284687882.0,us
212,1994,5377987137.0,us
213,1995,5439213314.0,us
214,1996,5626186717.0,us
215,1997,5703890708.0,us
216,1998,5752324190.0,us
217,1999,5832250178.0,us
218,2000,6000606067.0,us
219,2001,5902454993.0,us
220,2002,5943651279.0,us
221,2003,5991319569.0,us
222,2004,6106620735.0,us
223,2005,6132005704.0,us
224,2006,6052236286.0,us
225,2007,6130983563.0,us
226,2008,5932775281.0,us
227,2009,5495394958.0,us
228,2010,5701075808.0,us
229,2011,5570706560.0,us
230,2012,5366730281.0,us
231,2013,5519612557.0,us
232,2014,5568759258.0,us
233,2015,5420804127.0,us
234,2016,5310861406.0,us
235,2017,5269529513.0,us
236,1900,33913984.0,asia
237,1901,40417584.0,asia
238,1902,41626704.0,asia
239,1903,43993648.0,asia
240,1904,48452736.0,asia
241,1905,50750064.0,asia
242,1906,56674752.0,asia
243,1907,61229104.0,asia
244,1908,65468352.0,asia
245,1909,64944400.0,asia
246,1910,70257200.0,asia
247,1911,76889040.0,asia
248,1912,82963952.0,asia
249,1913,89430912.0,asia
250,1914,96799216.0,asia
251,1915,89178096.0,asia
252,1916,93988928.0,asia
253,1917,104189504.0,asia
254,1918,111191408.0,asia
255,1919,118794208.0,asia
256,1920,118713600.0,asia
257,1921,109722144.0,asia
258,1922,116757024.0,asia
259,1923,124491728.0,asia
260,1924,131911328.0,asia
261,1925,138261040.0,asia
262,1926,139261312.0,asia
263,1927,149938208.0,asia
264,1928,156951104.0,asia
265,1929,161223328.0,asia
266,1930,149864928.0,asia
267,1931,135263888.0,asia
268,1932,134509104.0,asia
269,1933,150967792.0,asia
270,1934,165143808.0,asia
271,1935,175296752.0,asia
272,1936,192198784.0,asia
273,1937,208236112.0,asia
274,1938,217568320.0,asia
275,1939,227439136.0,asia
276,1940,254439152.0,asia
277,1941,259451504.0,asia
278,1942,230355680.0,asia
279,1943,241050896.0,asia
280,1944,216366528.0,asia
281,1945,123476800.0,asia
282,1946,101569744.0,asia
283,1947,129947424.0,asia
284,1948,155020176.0,asia
285,1949,187545504.0,asia
286,1950,205370864.0,asia
287,1951,235954272.0,asia
288,1952,254816544.0,asia
289,1953,272330464.0,asia
290,1954,287067072.0,asia
291,1955,304097344.0,asia
292,1956,331705584.0,asia
293,1957,361772368.0,asia
294,1958,369602336.0,asia
295,1959,604497587.9,asia
296,1960,668260063.4,asia
297,1961,741388922.5,asia
298,1962,779377430.3,asia
299,1963,847966032.0,asia
300,1964,921666074.6,asia
301,1965,997006916.3,asia
302,1966,1065341990.0,asia
303,1967,1186227083.0,asia
304,1968,1303008608.0,asia
305,1969,1439015994.0,asia
306,1970,1634675993.0,asia
307,1971,1738779828.0,asia
308,1972,1826052969.0,asia
309,1973,1953845863.0,asia
310,1974,1976266454.0,asia
311,1975,1983313384.0,asia
312,1976,2082393703.0,asia
313,1977,2189029391.0,asia
314,1978,2225627003.0,asia
315,1979,2322646613.0,asia
316,1980,2368006964.0,asia
317,1981,2345140651.0,asia
318,1982,2349841861.0,asia
319,1983,2380035255.0,asia
320,1984,2481123794.0,asia
321,1985,2553867714.0,asia
322,1986,2594606844.0,asia
323,1987,2680186428.0,asia
324,1988,2893196806.0,asia
325,1989,2991494307.0,asia
326,1990,3034838326.0,asia
327,1991,3107688000.0,asia
328,1992,3155372501.0,asia
329,1993,3204298604.0,asia
330,1994,3276961735.0,asia
331,1995,3356212709.0,asia
332,1996,3465720371.0,asia
333,1997,3557848400.0,asia
334,1998,3381144064.0,asia
335,1999,3494828365.0,asia
336,2000,3679214015.0,asia
337,2001,3747595981.0,asia
338,2002,3867734095.0,asia
339,2003,3970646033.0,asia
340,2004,4098304122.0,asia
341,2005,4138394375.0,asia
342,2006,4175617147.0,asia
343,2007,4322472745.0,asia
344,2008,4368832879.0,asia
345,2009,4331930170.0,asia
346,2010,4536618116.0,asia
347,2011,4792675646.0,asia
348,2012,4881674338.0,asia
349,2013,4799612847.0,asia
350,2014,4802001006.0,asia
351,2015,4874047023.0,asia
352,2016,4961164905.0,asia
353,2017,5071156099.0,asia
354,1900,13051168.0,india
355,1901,14395856.0,india
356,1902,15876112.0,india
357,1903,16165568.0,india
358,1904,18067184.0,india
359,1905,18473888.0,india
360,1906,21342800.0,india
361,1907,23816000.0,india
362,1908,27249168.0,india
363,1909,26318512.0,india
364,1910,25695632.0,india
365,1911,27113600.0,india
366,1912,31217280.0,india
367,1913,34437936.0,india
368,1914,34716400.0,india
369,1915,36277264.0,india
370,1916,36680304.0,india
371,1917,38358416.0,india
372,1918,43158256.0,india
373,1919,47122704.0,india
374,1920,38160560.0,india
375,1921,41044128.0,india
376,1922,40388272.0,india
377,1923,41575408.0,india
378,1924,44510272.0,india
379,1925,43916704.0,india
380,1926,43792128.0,india
381,1927,45931904.0,india
382,1928,44198832.0,india
383,1929,45994192.0,india
384,1930,46756304.0,india
385,1931,42824832.0,india
386,1932,39816688.0,india
387,1933,39087552.0,india
388,1934,43645568.0,india
389,1935,45602144.0,india
390,1936,44818048.0,india
391,1937,49643536.0,india
392,1938,55575552.0,india
393,1939,54403072.0,india
394,1940,57697008.0,india
395,1941,58957424.0,india
396,1942,58898800.0,india
397,1943,51296000.0,india
398,1944,52461152.0,india
399,1945,58195312.0,india
400,1946,57499152.0,india
401,1947,58602016.0,india
402,1948,58620336.0,india
403,1949,61881296.0,india
404,1950,66604192.0,india
405,1951,69722256.0,india
406,1952,73492512.0,india
407,1953,74877504.0,india
408,1954,78739360.0,india
409,1955,85440816.0,india
410,1956,88456288.0,india
411,1957,99235776.0,india
412,1958,103724176.0,india
413,1959,109818753.1,india
414,1960,120576041.5,india
415,1961,130392926.5,india
416,1962,143451843.1,india
417,1963,154068161.4,india
418,1964,150638991.1,india
419,1965,165961362.8,india
420,1966,171688393.5,india
421,1967,172093127.1,india
422,1968,187104611.6,india
423,1969,190400378.4,india
424,1970,194728956.0,india
425,1971,205329544.8,india
426,1972,217181944.9,india
427,1973,223602295.0,india
428,1974,231184714.5,india
429,1975,251193313.9,india
430,1976,262531754.5,india
431,1977,277648315.9,india
432,1978,281539159.7,india
433,1979,295299010.0,india
434,1980,312484903.3,india
435,1981,337105182.8,india
436,1982,347815634.1,india
437,1983,376676324.9,india
438,1984,385928830.6,india
439,1985,424256027.2,india
440,1986,455066525.5,india
441,1987,486067297.8,india
442,1988,525081666.9,india
443,1989,576404547.7,india
444,1990,616579098.4,india
445,1991,656740892.9,india
446,1992,698756949.7,india
447,1993,722894259.4,india
448,1994,764241966.7,india
449,1995,811460787.1,india
450,1996,878826964.5,india
451,1997,915049313.0,india
452,1998,933549258.1,india
453,1999,995233071.6,india
454,2000,1029637759.0,india
455,2001,1035640714.0,india
456,2002,1047595651.0,india
457,2003,1091873009.0,india
458,2004,1145545234.0,india
459,2005,1210145667.0,india
460,2006,1287149211.0,india
461,2007,1390253491.0,india
462,2008,1547991039.0,india
463,2009,1720120560.0,india
464,2010,1700027394.0,india
465,2011,1817171600.0,india
466,2012,1983758813.0,india
467,2013,1997878578.0,india
468,2014,2207533892.0,india
469,2015,2276407195.0,india
470,2016,2377447863.0,india
471,2017,2466765373.0,india
472,1900,0.0,china
473,1901,0.0,china
474,1902,95264.0,china
475,1903,1963904.0,china
476,1904,2088480.0,china
477,1905,2297328.0,china
478,1906,17110880.0,china
479,1907,16839744.0,china
480,1908,22731456.0,china
481,1909,20837168.0,china
482,1910,18748688.0,china
483,1911,27846400.0,china
484,1912,9786544.0,china
485,1913,10757504.0,china
486,1914,15106672.0,china
487,1915,16088624.0,china
488,1916,17964592.0,china
489,1917,19851552.0,china
490,1918,21042352.0,china
491,1919,24255680.0,china
492,1920,26769184.0,china
493,1921,25288928.0,china
494,1922,26633616.0,china
495,1923,32151600.0,china
496,1924,35093792.0,china
497,1925,33221488.0,china
498,1926,29590464.0,china
499,1927,33525600.0,china
500,1928,34115504.0,china
501,1929,35819264.0,china
502,1930,37922400.0,china
503,1931,40260032.0,china
504,1932,38600240.0,china
505,1933,42216608.0,china
506,1934,49273472.0,china
507,1935,57627392.0,china
508,1936,65039664.0,china
509,1937,60576912.0,china
510,1938,55304416.0,china
511,1939,67157456.0,china
512,1940,86100336.0,china
513,1941,107615344.0,china
514,1942,113869792.0,china
515,1943,97304848.0,china
516,1944,97865440.0,china
517,1945,50350688.0,china
518,1946,31275904.0,china
519,1947,33587888.0,china
520,1948,23852640.0,china
521,1949,59309168.0,china
522,1950,78647760.0,china
523,1951,101723632.0,china
524,1952,128221680.0,china
525,1953,134102400.0,china
526,1954,161256304.0,china
527,1955,190890736.0,china
528,1956,216348208.0,china
529,1957,256348096.0,china
530,1958,525380960.0,china
531,1959,720152146.7,china
532,1960,778979465.8,china
533,1961,550958537.3,china
534,1962,439342105.3,china
535,1963,435517603.7,china
536,1964,435703730.3,china
537,1965,474680624.9,china
538,1966,521458912.9,china
539,1967,432223556.9,china
540,1968,467805643.0,china
541,1969,575944671.2,china
542,1970,770167190.3,china
543,1971,874016350.7,china
544,1972,928893957.8,china
545,1973,965646598.3,china
546,1974,985085216.0,china
547,1975,1142101906.0,china
548,1976,1190964535.0,china
549,1977,1304402788.0,china
550,1978,1455257506.0,china
551,1979,1487113084.0,china
552,1980,1458886738.0,china
553,1981,1442782298.0,china
554,1982,1570468325.0,china
555,1983,1655810483.0,china
556,1984,1802317096.0,china
557,1985,1951773228.0,china
558,1986,2052242012.0,china
559,1987,2191053006.0,china
560,1988,2347763494.0,china
561,1989,2386884998.0,china
562,1990,2420302108.0,china
563,1991,2538923968.0,china
564,1992,2657112406.0,china
565,1993,2835795473.0,china
566,1994,3010242208.0,china
567,1995,3265056964.0,china
568,1996,3408346591.0,china
569,1997,3414549286.0,china
570,1998,3265902621.0,china
571,1999,3258134887.0,china
572,2000,3349294776.0,china
573,2001,3426144062.0,china
574,2002,3782439297.0,china
575,2003,4452310296.0,china
576,2004,5125894416.0,china
577,2005,5771168440.0,china
578,2006,6377748016.0,china
579,2007,6861750652.0,china
580,2008,7375189907.0,china
581,2009,7758811768.0,china
582,2010,8500542695.0,china
583,2011,9388199234.0,china
584,2012,9633899303.0,china
585,2013,9796527160.0,china
586,2014,9820360492.0,china
587,2015,9716467840.0,china
588,2016,9704479432.0,china
589,2017,9838754028.0,china
590,1900,0.0,international
591,1901,0.0,international
592,1902,0.0,international
593,1903,0.0,international
594,1904,0.0,international
595,1905,0.0,international
596,1906,0.0,international
597,1907,0.0,international
598,1908,0.0,international
599,1909,0.0,international
600,1910,0.0,international
601,1911,0.0,international
602,1912,0.0,international
603,1913,0.0,international
604,1914,0.0,international
605,1915,0.0,international
606,1916,0.0,international
607,1917,0.0,international
608,1918,0.0,international
609,1919,0.0,international
610,1920,0.0,international
611,1921,0.0,international
612,1922,0.0,international
613,1923,0.0,international
614,1924,0.0,international
615,1925,0.0,international
616,1926,0.0,international
617,1927,0.0,international
618,1928,0.0,international
619,1929,0.0,international
620,1930,0.0,international
621,1931,0.0,international
622,1932,0.0,international
623,1933,0.0,international
624,1934,0.0,international
625,1935,0.0,international
626,1936,0.0,international
627,1937,0.0,international
628,1938,0.0,international
629,1939,0.0,international
630,1940,0.0,international
631,1941,0.0,international
632,1942,0.0,international
633,1943,0.0,international
634,1944,0.0,international
635,1945,0.0,international
636,1946,0.0,international
637,1947,0.0,international
638,1948,0.0,international
639,1949,0.0,international
640,1950,0.0,international
641,1951,0.0,international
642,1952,0.0,international
643,1953,0.0,international
644,1954,0.0,international
645,1955,0.0,international
646,1956,0.0,international
647,1957,0.0,international
648,1958,0.0,international
649,1959,213369376.0,international
650,1960,238240608.0,international
651,1961,263240080.0,international
652,1962,272612592.0,international
653,1963,285136144.0,international
654,1964,312103184.0,international
655,1965,322618864.0,international
656,1966,349047296.0,international
657,1967,373563120.0,international
658,1968,394825312.0,international
659,1969,413412784.0,international
660,1970,437225120.0,international
661,1971,461070432.0,international
662,1972,492339008.0,international
663,1973,527539056.0,international
664,1974,489382160.0,international
665,1975,448436960.0,international
666,1976,439793584.0,international
667,1977,450327584.0,international
668,1978,456567376.0,international
669,1979,458483648.0,international
670,1980,447044640.0,international
671,1981,412885168.0,international
672,1982,374153024.0,international
673,1983,358885136.0,international
674,1984,360273792.0,international
675,1985,368118416.0,international
676,1986,394004576.0,international
677,1987,432128496.0,international
678,1988,447370736.0,international
679,1989,464199488.0,international
680,1990,553613225.4,international
681,1991,535058310.3,international
682,1992,551258531.0,international
683,1993,561160990.6,international
684,1994,586237720.0,international
685,1995,619380427.5,international
686,1996,671490103.1,international
687,1997,708027257.0,international
688,1998,753176974.8,international
689,1999,777916623.2,international
690,2000,788039117.9,international
691,2001,784340431.5,international
692,2002,803239387.9,international
693,2003,839092770.7,international
694,2004,910479076.1,international
695,2005,948914696.4,international
696,2006,1001919131.0,international
697,2007,1059592183.0,international
698,2008,1077662402.0,international
699,2009,1037253519.0,international
700,2010,1100956240.0,international
701,2011,1125021881.0,international
702,2012,1118539693.0,international
703,2013,1134168972.0,international
704,2014,1137738966.0,international
705,2015,1144622625.0,international
706,2016,1155307739.0,international
707,2017,1155307739.0,international
708,1900,130412752.0,europe
709,1901,133743328.0,europe
710,1902,132083536.0,europe
711,1903,131838048.0,europe
712,1904,140789200.0,europe
713,1905,133853248.0,europe
714,1906,147182880.0,europe
715,1907,161446832.0,europe
716,1908,164066592.0,europe
717,1909,169045968.0,europe
718,1910,166462848.0,europe
719,1911,171775648.0,europe
720,1912,189604672.0,europe
721,1913,205282928.0,europe
722,1914,183610368.0,europe
723,1915,175615520.0,europe
724,1916,184944064.0,europe
725,1917,165942560.0,europe
726,1918,98121920.0,europe
727,1919,92343792.0,europe
728,1920,92581952.0,europe
729,1921,88991232.0,europe
730,1922,98429696.0,europe
731,1923,107311232.0,europe
732,1924,125942672.0,europe
733,1925,123139712.0,europe
734,1926,146226576.0,europe
735,1927,172790576.0,europe
736,1928,187574816.0,europe
737,1929,205422160.0,europe
738,1930,237500480.0,europe
739,1931,264694688.0,europe
740,1932,282003424.0,europe
741,1933,302426560.0,europe
742,1934,352557408.0,europe
743,1935,392051664.0,europe
744,1936,444205040.0,europe
745,1937,464895648.0,europe
746,1938,492042224.0,europe
747,1939,506984016.0,europe
748,1940,588317488.0,europe
749,1941,516004784.0,europe
750,1942,387951648.0,europe
751,1943,479133952.0,europe
752,1944,448191472.0,europe
753,1945,313261008.0,europe
754,1946,227673632.0,europe
755,1947,286524800.0,europe
756,1948,266651264.0,europe
757,1949,289551264.0,europe
758,1950,281849536.0,europe
759,1951,279739072.0,europe
760,1952,302683040.0,europe
761,1953,338249488.0,europe
762,1954,390443168.0,europe
763,1955,458029312.0,europe
764,1956,529437008.0,europe
765,1957,632058320.0,europe
766,1958,745360192.0,europe
767,1959,1212584835.0,europe
768,1960,1267046015.0,europe
769,1961,1307252943.0,europe
770,1962,1374340134.0,europe
771,1963,1477508914.0,europe
772,1964,1570580761.0,europe
773,1965,1664783580.0,europe
774,1966,1757793485.0,europe
775,1967,1835192549.0,europe
776,1968,1892444152.0,europe
777,1969,1971143637.0,europe
778,1970,2088371059.0,europe
779,1971,2213979186.0,europe
780,1972,2323758559.0,europe
781,1973,2430569895.0,europe
782,1974,2509335271.0,europe
783,1975,2633068716.0,europe
784,1976,2732485865.0,europe
785,1977,2822049662.0,europe
786,1978,2927058745.0,europe
787,1979,2954544417.0,europe
788,1980,3064906153.0,europe
789,1981,3018850793.0,europe
790,1982,3064047902.0,europe
791,1983,3111110091.0,europe
792,1984,3144108476.0,europe
793,1985,3379569781.0,europe
794,1986,3400685348.0,europe
795,1987,3526077838.0,europe
796,1988,3622947346.0,europe
797,1989,3557474643.0,europe
798,1990,3588665839.0,europe
799,1991,3344481431.0,europe
800,1992,2851242222.0,europe
801,1993,2643142056.0,europe
802,1994,2304247120.0,europe
803,1995,2241846498.0,europe
804,1996,2184106447.0,europe
805,1997,2072332986.0,europe
806,1998,2040885319.0,europe
807,1999,2020369125.0,europe
808,2000,1998270423.0,europe
809,2001,2064509290.0,europe
810,2002,2049497389.0,europe
811,2003,2102589199.0,europe
812,2004,2122582909.0,europe
813,2005,2146674025.0,europe
814,2006,2233558141.0,europe
815,2007,2233026493.0,europe
816,2008,2260162680.0,europe
817,2009,2089201625.0,europe
818,2010,2198211590.0,europe
819,2011,2267829823.0,europe
820,2012,2271867164.0,europe
821,2013,2205194590.0,europe
822,2014,2154822875.0,europe
823,2015,2129327572.0,europe
824,2016,2142326657.0,europe
825,2017,2149072913.0,europe
826,1900,1085027648.0,eu28
827,1901,1071463520.0,eu28
828,1902,1073603296.0,eu28
829,1903,1122601968.0,eu28
830,1904,1137847872.0,eu28
831,1905,1180698352.0,eu28
832,1906,1210274160.0,eu28
833,1907,1342764400.0,eu28
834,1908,1364015600.0,eu28
835,1909,1360926848.0,eu28
836,1910,1383240608.0,eu28
837,1911,1414032864.0,eu28
838,1912,1455644912.0,eu28
839,1913,1576472640.0,eu28
840,1914,1403733360.0,eu28
841,1915,1329823152.0,eu28
842,1916,1389040720.0,eu28
843,1917,1380254448.0,eu28
844,1918,1301027776.0,eu28
845,1919,1095755840.0,eu28
846,1920,1284272304.0,eu28
847,1921,1168412960.0,eu28
848,1922,1304618496.0,eu28
849,1923,1234097488.0,eu28
850,1924,1422412432.0,eu28
851,1925,1410383520.0,eu28
852,1926,1172032992.0,eu28
853,1927,1509392128.0,eu28
854,1928,1503203632.0,eu28
855,1929,1629754528.0,eu28
856,1930,1503932768.0,eu28
857,1931,1366232320.0,eu28
858,1932,1238516272.0,eu28
859,1933,1265692160.0,eu28
860,1934,1367206944.0,eu28
861,1935,1417337792.0,eu28
862,1936,1481150016.0,eu28
863,1937,1621664416.0,eu28
864,1938,1606674992.0,eu28
865,1939,1640530352.0,eu28
866,1940,1703210400.0,eu28
867,1941,1682838560.0,eu28
868,1942,1700605296.0,eu28
869,1943,1688539744.0,eu28
870,1944,1487074704.0,eu28
871,1945,852759360.0,eu28
872,1946,1212058528.0,eu28
873,1947,1369090240.0,eu28
874,1948,1481410160.0,eu28
875,1949,1600468176.0,eu28
876,1950,1678555344.0,eu28
877,1951,1868687632.0,eu28
878,1952,1902257200.0,eu28
879,1953,1937750368.0,eu28
880,1954,2037590704.0,eu28
881,1955,2185748208.0,eu28
882,1956,2295873392.0,eu28
883,1957,2343237920.0,eu28
884,1958,2300786816.0,eu28
885,1959,2474598758.0,eu28
886,1960,2645188374.0,eu28
887,1961,2739401229.0,eu28
888,1962,2898203859.0,eu28
889,1963,3096111111.0,eu28
890,1964,3211239374.0,eu28
891,1965,3269236018.0,eu28
892,1966,3324322051.0,eu28
893,1967,3359622140.0,eu28
894,1968,3545750813.0,eu28
895,1969,3768940969.0,eu28
896,1970,3940223684.0,eu28
897,1971,4031100548.0,eu28
898,1972,4145687906.0,eu28
899,1973,4340557869.0,eu28
900,1974,4278398800.0,eu28
901,1975,4176706152.0,eu28
902,1976,4464283655.0,eu28
903,1977,4422461300.0,eu28
904,1978,4555283225.0,eu28
905,1979,4724499342.0,eu28
906,1980,4619084718.0,eu28
907,1981,4388224890.0,eu28
908,1982,4284779330.0,eu28
909,1983,4241661089.0,eu28
910,1984,4254759568.0,eu28
911,1985,4341638695.0,eu28
912,1986,4340998381.0,eu28
913,1987,4382617156.0,eu28
914,1988,4338447234.0,eu28
915,1989,4396967397.0,eu28
916,1990,4479328893.0,eu28
917,1991,4423024482.0,eu28
918,1992,4278958094.0,eu28
919,1993,4194973674.0,eu28
920,1994,4174499726.0,eu28
921,1995,4221464747.0,eu28
922,1996,4325073851.0,eu28
923,1997,4235932265.0,eu28
924,1998,4228986394.0,eu28
925,1999,4164147220.0,eu28
926,2000,4187334052.0,eu28
927,2001,4259400201.0,eu28
928,2002,4235814501.0,eu28
929,2003,4327781747.0,eu28
930,2004,4337972863.0,eu28
931,2005,4314639655.0,eu28
932,2006,4320409661.0,eu28
933,2007,4274408815.0,eu28
934,2008,4173862503.0,eu28
935,2009,3831829410.0,eu28
936,2010,3951262617.0,eu28
937,2011,3805961187.0,eu28
938,2012,3747240906.0,eu28
939,2013,3659240891.0,eu28
940,2014,3490383183.0,eu28
941,2015,3523491826.0,eu28
942,2016,3503031204.0,eu28
943,2017,3543683484.0,eu28
944,1900,1036912.0,middleeast
945,1901,948976.0,middleeast
946,1902,1047904.0,middleeast
947,1903,1205456.0,middleeast
948,1904,1366672.0,middleeast
949,1905,1531552.0,middleeast
950,1906,1582848.0,middleeast
951,1907,1879632.0,middleeast
952,1908,1722080.0,middleeast
953,1909,1956576.0,middleeast
954,1910,1883296.0,middleeast
955,1911,2363280.0,middleeast
956,1912,2249696.0,middleeast
957,1913,2890896.0,middleeast
958,1914,2835936.0,middleeast
959,1915,2436560.0,middleeast
960,1916,2517168.0,middleeast
961,1917,3191344.0,middleeast
962,1918,3905824.0,middleeast
963,1919,5257840.0,middleeast
964,1920,6837024.0,middleeast
965,1921,8097440.0,middleeast
966,1922,10237216.0,middleeast
967,1923,13047504.0,middleeast
968,1924,15956720.0,middleeast
969,1925,16568608.0,middleeast
970,1926,18067184.0,middleeast
971,1927,20115360.0,middleeast
972,1928,21093648.0,middleeast
973,1929,20943424.0,middleeast
974,1930,22896336.0,middleeast
975,1931,22280784.0,middleeast
976,1932,24537808.0,middleeast
977,1933,27212528.0,middleeast
978,1934,32349456.0,middleeast
979,1935,35687360.0,middleeast
980,1936,39333040.0,middleeast
981,1937,45664432.0,middleeast
982,1938,46181056.0,middleeast
983,1939,52124064.0,middleeast
984,1940,45521536.0,middleeast
985,1941,36006128.0,middleeast
986,1942,47470784.0,middleeast
987,1943,52439168.0,middleeast
988,1944,67707056.0,middleeast
989,1945,86158960.0,middleeast
990,1946,112807232.0,middleeast
991,1947,134069424.0,middleeast
992,1948,108626608.0,middleeast
993,1949,117716992.0,middleeast
994,1950,17096224.0,middleeast
995,1951,26113328.0,middleeast
996,1952,23281056.0,middleeast
997,1953,27560608.0,middleeast
998,1954,33188512.0,middleeast
999,1955,50720752.0,middleeast
1000,1956,59946704.0,middleeast
1001,1957,62595776.0,middleeast
1002,1958,69311888.0,middleeast
1003,1959,70767738.3,middleeast
1004,1960,90275655.86,middleeast
1005,1961,94483808.9,middleeast
1006,1962,109295280.8,middleeast
1007,1963,123593168.6,middleeast
1008,1964,144769127.4,middleeast
1009,1965,172795072.3,middleeast
1010,1966,198950950.9,middleeast
1011,1967,205538852.6,middleeast
1012,1968,235957160.8,middleeast
1013,1969,268462790.0,middleeast
1014,1970,285360097.2,middleeast
1015,1971,334432022.7,middleeast
1016,1972,360837569.5,middleeast
1017,1973,428507539.1,middleeast
1018,1974,443724513.6,middleeast
1019,1975,434454396.4,middleeast
1020,1976,508018840.4,middleeast
1021,1977,534301008.2,middleeast
1022,1978,536267839.1,middleeast
1023,1979,570027855.8,middleeast
1024,1980,554429631.9,middleeast
1025,1981,551645281.9,middleeast
1026,1982,563858007.5,middleeast
1027,1983,594088852.8,middleeast
1028,1984,622527229.4,middleeast
1029,1985,670891727.9,middleeast
1030,1986,713596458.0,middleeast
1031,1987,729613185.3,middleeast
1032,1988,777142735.3,middleeast
1033,1989,821682902.6,middleeast
1034,1990,827473754.8,middleeast
1035,1991,906240524.5,middleeast
1036,1992,975501335.6,middleeast
1037,1993,1057877259.0,middleeast
1038,1994,1105336761.0,middleeast
1039,1995,1072980598.0,middleeast
1040,1996,1082843258.0,middleeast
1041,1997,1063353452.0,middleeast
1042,1998,1142514933.0,middleeast
1043,1999,1234756751.0,middleeast
1044,2000,1360259152.0,middleeast
1045,2001,1379449534.0,middleeast
1046,2002,1397903305.0,middleeast
1047,2003,1489191121.0,middleeast
1048,2004,1620716642.0,middleeast
1049,2005,1684303045.0,middleeast
1050,2006,1804735991.0,middleeast
1051,2007,1801937989.0,middleeast
1052,2008,1939392639.0,middleeast
1053,2009,2016404467.0,middleeast
1054,2010,2102264120.0,middleeast
1055,2011,2156960148.0,middleeast
1056,2012,2308104908.0,middleeast
1057,2013,2277197438.0,middleeast
1058,2014,2435067048.0,middleeast
1059,2015,2509630984.0,middleeast
1060,2016,2567181426.0,middleeast
1061,2017,2671942768.0,middleeast
1062,1900,2330304.0,africa
1063,1901,3909488.0,africa
1064,1902,5825760.0,africa
1065,1903,7895920.0,africa
1066,1904,8914512.0,africa
1067,1905,10259200.0,africa
1068,1906,11717472.0,africa
1069,1907,12930256.0,africa
1070,1908,13402912.0,africa
1071,1909,15385136.0,africa
1072,1910,17411328.0,africa
1073,1911,16865392.0,africa
1074,1912,17953600.0,africa
1075,1913,19606064.0,africa
1076,1914,19551104.0,africa
1077,1915,19606064.0,africa
1078,1916,23251744.0,africa
1079,1917,25343888.0,africa
1080,1918,24728336.0,africa
1081,1919,25446480.0,africa
1082,1920,28051584.0,africa
1083,1921,27985632.0,africa
1084,1922,23973552.0,africa
1085,1923,29048192.0,africa
1086,1924,30631040.0,africa
1087,1925,32180912.0,africa
1088,1926,34437936.0,africa
1089,1927,33837040.0,africa
1090,1928,34771360.0,africa
1091,1929,35808272.0,africa
1092,1930,33701472.0,africa
1093,1931,29469552.0,africa
1094,1932,26629952.0,africa
1095,1933,28502256.0,africa
1096,1934,32539984.0,africa
1097,1935,35914528.0,africa
1098,1936,39025264.0,africa
1099,1937,41846544.0,africa
1100,1938,44022960.0,africa
1101,1939,46858896.0,africa
1102,1940,49650864.0,africa
1103,1941,54033008.0,africa
1104,1942,58829184.0,africa
1105,1943,60126240.0,africa
1106,1944,66648160.0,africa
1107,1945,67531184.0,africa
1108,1946,68168720.0,africa
1109,1947,67952544.0,africa
1110,1948,71744784.0,africa
1111,1949,77354368.0,africa
1112,1950,94941568.0,africa
1113,1951,101203344.0,africa
1114,1952,110425632.0,africa
1115,1953,112078096.0,africa
1116,1954,117640048.0,africa
1117,1955,129529728.0,africa
1118,1956,135260224.0,africa
1119,1957,141752832.0,africa
1120,1958,148769392.0,africa
1121,1959,147841143.3,africa
1122,1960,156567067.8,africa
1123,1961,161994254.1,africa
1124,1962,166334786.6,africa
1125,1963,176334743.0,africa
1126,1964,193639229.6,africa
1127,1965,213634280.9,africa
1128,1966,221081974.5,africa
1129,1967,237045012.2,africa
1130,1968,257282104.4,africa
1131,1969,277915809.1,africa
1132,1970,302623753.9,africa
1133,1971,331868172.1,africa
1134,1972,351877790.8,africa
1135,1973,378012574.7,africa
1136,1974,388408344.3,africa
1137,1975,387307167.4,africa
1138,1976,420186590.8,africa
1139,1977,433019043.8,africa
1140,1978,462508407.8,africa
1141,1979,499039438.4,africa
1142,1980,535662719.8,africa
1143,1981,548541106.2,africa
1144,1982,571681434.7,africa
1145,1983,594483205.9,africa
1146,1984,649208757.0,africa
1147,1985,665646575.4,africa
1148,1986,689587818.6,africa
1149,1987,689585630.7,africa
1150,1988,724597302.5,africa
1151,1989,697746148.0,africa
1152,1990,657850152.1,africa
1153,1991,686854278.6,africa
1154,1992,669557139.1,africa
1155,1993,709543245.0,africa
1156,1994,720231497.0,africa
1157,1995,775510660.8,africa
1158,1996,793572765.9,africa
1159,1997,812679985.0,africa
1160,1998,835329976.3,africa
1161,1999,828335346.2,africa
1162,2000,884531576.9,africa
1163,2001,879118731.4,africa
1164,2002,884151838.9,africa
1165,2003,961971967.9,africa
1166,2004,1033091840.0,africa
1167,2005,1044075215.0,africa
1168,2006,1083798148.0,africa
1169,2007,1126332954.0,africa
1170,2008,1178142922.0,africa
1171,2009,1188275614.0,africa
1172,2010,1193783772.0,africa
1173,2011,1198373015.0,africa
1174,2012,1233842174.0,africa
1175,2013,1250643564.0,africa
1176,2014,1290489212.0,africa
1177,2015,1289003257.0,africa
1178,2016,1310656389.0,africa
1179,2017,1331739959.0,africa
